Plan Modified date,Refresh Date,HIOS Plan ID* (Standard Component + Variant),Plan Marketing Name_old*,Plan Marketing Name*,Level of Coverage* (Metal Level),CSR Variation Type*,Issuer Actuarial Value,AV Calculator Output Number*,Medical & Drug Deductibles Integrated?*,Medical & Drug Maximum Out of Pocket Integrated?*,Is a Referral Required for Specialist?*,Specialist(s) Requiring a Referral,Multiple In Network Tiers?*,1st Tier Utilization*,2nd Tier Utilization,SBC_Maternity_Deductible,SBC_Maternity_Copay,SBC_Maternity_Coinsurance,SBC_Maternity_Limits,SBC_Diabetes_Deductible,SBC_Diabetes_Copay,SBC_Diabetes_Coinsurance,SBC_Diabetes_Limits,SBC_FootFracture_Deductible,SBC_FootFracture_Copay,SBC_FootFracture_Coinsurance,SBC_FootFracture_Limits,Maximum Out of Pocket for Medical EHB Benefits: In Network Individual,Maximum Out of Pocket for Medical EHB Benefits: In Network Family,Maximum Out of Pocket for Medical EHB Benefits: In Network (Tier 2) Individual,Maximum Out of Pocket for Medical EHB Benefits: In Network (Tier 2) Family,Maximum Out of Pocket for Medical EHB Benefits: Out of Network Individual,Maximum Out of Pocket for Medical EHB Benefits: Out of Network Family,Maximum Out of Pocket for Medical EHB Benefits: Combined In/Out Network Individual,Maximum Out of Pocket for Medical EHB Benefits: Combined In/Out Network Family,Maximum Out of Pocket for Drug EHB Benefits: In Network Individual,Maximum Out of Pocket for Drug EHB Benefits: In Network Family,Maximum Out of Pocket for Drug EHB Benefits: In Network (Tier 2) Individual,Maximum Out of Pocket for Drug EHB Benefits: In Network (Tier 2) Family,Maximum Out of Pocket for Drug EHB Benefits: Out of Network Individual,Maximum Out of Pocket for Drug EHB Benefits: Out of Network Family,Maximum Out of Pocket for Drug EHB Benefits: Combined In/Out Network Individual,Maximum Out of Pocket for Drug EHB Benefits: Combined In/Out Network Family,Maximum Out of Pocket for Medical and Drug EHB Benefits (Total): In Network Individual,Maximum Out of Pocket for Medical and Drug EHB Benefits (Total): In Network Family,Maximum Out of Pocket for Medical and Drug EHB Benefits (Total): In Network (Tier 2) Individual,Maximum Out of Pocket for Medical and Drug EHB Benefits (Total): In Network (Tier 2) Family,Maximum Out of Pocket for Medical and Drug EHB Benefits (Total): Out of Network Individual,Maximum Out of Pocket for Medical and Drug EHB Benefits (Total): Out of Network Family,Maximum Out of Pocket for Medical and Drug EHB Benefits (Total) Combined In/Out Network Individual,Maximum Out of Pocket for Medical and Drug EHB Benefits (Total): Combined In/Out Network Family,Medical EHB Deductible: In Network Individual,Medical EHB Deductible: In Network Family,Medical EHB Deductible: In Network Default Coinsurance,Medical EHB Deductible: In Network (Tier 2) Individual,Medical EHB Deductible: In Network (Tier 2) Family,Medical EHB Deductible: In Network (Tier 2) Default Coinsurance,Medical EHB Deductible: Out of Network Individual,Medical EHB Deductible: Out of Network Family,Medical EHB Deductible: Combined In/Out Network Individual,Medical EHB Deductible: Combined In/Out Network Family,Drug EHB Deductible: In Network Individual,Drug EHB Deductible: In Network Family,Drug EHB Deductible: In Network Default Coinsurance,Drug EHB Deductible: In Network (Tier 2) Individual,Drug EHB Deductible: In Network (Tier 2) Family,Drug EHB Deductible: In Network (Tier 2) Default Coinsurance,Drug EHB Deductible: Out of Network Individual,Drug EHB Deductible: Out of Network Family,Drug EHB Deductible: Combined In/Out Network Individual,Drug EHB Deductible: Combined In/Out Network Family,Combined Medical and Drug EHB Deductible: In Network Individual,Combined Medical and Drug EHB Deductible: In Network Family,Combined Medical and Drug EHB Deductible: In Network Default Coinsurance,Combined Medical and Drug EHB Deductible: In Network (Tier 2) Individual,Combined Medical and Drug EHB Deductible: In Network (Tier 2) Family,Combined Medical and Drug EHB Deductible: In Network (Tier 2) Default Coinsurance,Combined Medical and Drug EHB Deductible: Out of Network Individual,Combined Medical and Drug EHB Deductible: Out of Network Family,Combined Medical and Drug EHB Deductible: Combined In/Out Network Individual,Combined Medical and Drug EHB Deductible: Combined In/Out Network Family,HSA Eligible*,HSA/HRA Employer Contribution,HSA/HRA Employer Contribution Amount,Maximum Coinsurance for Specialty Drugs,Maximum Number of Days for Charging an Inpatient Copay?,Begin Primary Care Cost-Sharing After a Set Number of Visits?,Begin Primary Care Deductible/Coinsurance After a Set Number of Copays?,URL for Summary of Benefits & Coverage,Plan Brochure
04/18/2024 15:08,04/24/2024 22:31,32753MO0950002-00,Anthem Heart Healthy Silver Pathway 2900 (0 Virtual PCP + 0 Select Drugs + Incentives),Anthem Heart Healthy Silver Pathway 2900 ($0 Virtual PCP + $0 Select Drugs + Incentives),Silver,Standard Silver Off Exchange Plan,0.700614524817,,Yes,Yes,No,,Yes,40.00,,$2900,$10,$3600,$60,$2900,$400,$300,$20,$2100,$300,$0,$0,,,,,,,,,,,,,,,,,$9000,$9000 per person | $18000 per group,$9000,$9000 per person | $18000 per group,Not Applicable,per person not applicable | per group not applicable,Not Applicable,per person not applicable | per group not applicable,,,,,,,,,,,,,,,,,,,,,$2900,$2900 per person | $5800 per group,30%,$2900,$2900 per person | $5800 per group,30%,Not Applicable,per person not applicable | per group not applicable,Not Applicable,per person not applicable | per group not applicable,No,,,,,,,https://www.sbc.anthem.com/dps/ccd82W6,http://editiondigital.net/view/IU65/2019/OFF_HIX_MO_KIT_2019
04/18/2024 15:06,04/24/2024 22:31,32753MO0950002-01,Anthem Heart Healthy Silver Pathway X 2900 (0 Virtual PCP + 0 Select Drugs + Incentives),Anthem Heart Healthy Silver Pathway X 2900 ($0 Virtual PCP + $0 Select Drugs + Incentives),Silver,Standard Silver On Exchange Plan,0.700614524817,,Yes,Yes,No,,Yes,40.00,,$2900,$10,$3600,$60,$2900,$400,$300,$20,$2100,$300,$0,$0,,,,,,,,,,,,,,,,,$9000,$9000 per person | $18000 per group,$9000,$9000 per person | $18000 per group,Not Applicable,per person not applicable | per group not applicable,Not Applicable,per person not applicable | per group not applicable,,,,,,,,,,,,,,,,,,,,,$2900,$2900 per person | $5800 per group,30%,$2900,$2900 per person | $5800 per group,30%,Not Applicable,per person not applicable | per group not applicable,Not Applicable,per person not applicable | per group not applicable,No,,,,,,,https://www.sbc.anthem.com/dps/ccd82WK,http://editiondigital.net/view/IU65/2019/ON_HIX_MO_KIT_2019
04/18/2024 15:09,04/24/2024 22:31,32753MO0950002-02,Anthem Silver Pathway X (+ Incentives) AI,Anthem Silver Pathway X (+ Incentives) AI,Silver,Zero Cost Sharing Plan Variation,1,,Yes,Yes,No,,Yes,40.00,,$0,$0,$0,$60,$0,$0,$0,$20,$0,$0,$0,$0,,,,,,,,,,,,,,,,,$0,$0 per person | $0 per group,$0,$0 per person | $0 per group,Not Applicable,per person not applicable | per group not applicable,Not Applicable,per person not applicable | per group not applicable,,,,,,,,,,,,,,,,,,,,,$0,$0 per person | $0 per group,0.00%,$0,$0 per person | $0 per group,0.00%,Not Applicable,per person not applicable | per group not applicable,Not Applicable,per person not applicable | per group not applicable,No,,,,,,,https://www.sbc.anthem.com/dps/ccd82T9,http://editiondigital.net/view/IU65/2019/ON_HIX_MO_KIT_2019
04/18/2024 15:06,04/24/2024 22:31,32753MO0950002-03,Anthem Heart Healthy Silver Pathway X 2900 (0 Virtual PCP + 0 Select Drugs + Incentives) S03,Anthem Heart Healthy Silver Pathway X 2900 ($0 Virtual PCP + $0 Select Drugs + Incentives) S03,Silver,Standard Silver On Exchange Plan,0.700614524817,,Yes,Yes,No,,Yes,40.00,,$2900,$10,$3600,$60,$2900,$400,$300,$20,$2100,$300,$0,$0,,,,,,,,,,,,,,,,,$9000,$9000 per person | $18000 per group,$9000,$9000 per person | $18000 per group,Not Applicable,per person not applicable | per group not applicable,Not Applicable,per person not applicable | per group not applicable,,,,,,,,,,,,,,,,,,,,,$2900,$2900 per person | $5800 per group,30%,$2900,$2900 per person | $5800 per group,30%,Not Applicable,per person not applicable | per group not applicable,Not Applicable,per person not applicable | per group not applicable,No,,,,,,,https://www.sbc.anthem.com/dps/ccd82V7,http://editiondigital.net/view/IU65/2019/ON_HIX_MO_KIT_2019
04/18/2024 15:09,04/24/2024 22:31,32753MO0950002-04,Anthem Heart Healthy Silver Pathway X 2400 (0 Virtual PCP + 0 Select Drugs + Incentives) S04,Anthem Heart Healthy Silver Pathway X 2400 ($0 Virtual PCP + $0 Select Drugs + Incentives) S04,Silver,73% AV Level Silver Plan,0.730250616926,,Yes,Yes,No,,Yes,40.00,,$2400,$10,$3800,$60,$2400,$400,$400,$20,$2100,$300,$0,$0,,,,,,,,,,,,,,,,,$7100,$7100 per person | $14200 per group,$7100,$7100 per person | $14200 per group,Not Applicable,per person not applicable | per group not applicable,Not Applicable,per person not applicable | per group not applicable,,,,,,,,,,,,,,,,,,,,,$2400,$2400 per person | $4800 per group,30%,$2400,$2400 per person | $4800 per group,30%,Not Applicable,per person not applicable | per group not applicable,Not Applicable,per person not applicable | per group not applicable,No,,,,,,,https://www.sbc.anthem.com/dps/ccd82SK,http://editiondigital.net/view/IU65/2019/ON_HIX_MO_KIT_2019
04/18/2024 15:10,04/24/2024 22:31,32753MO0950002-05,Anthem Heart Healthy Silver Pathway X 1150 (0 Virtual PCP + 0 Select Drugs + Incentives) S05,Anthem Heart Healthy Silver Pathway X 1150 ($0 Virtual PCP + $0 Select Drugs + Incentives) S05,Silver,87% AV Level Silver Plan,0.870328906887,,Yes,Yes,No,,Yes,40.00,,$1150,$0,$1400,$60,$1150,$100,$700,$20,$1150,$50,$300,$0,,,,,,,,,,,,,,,,,$2500,$2500 per person | $5000 per group,$2500,$2500 per person | $5000 per group,Not Applicable,per person not applicable | per group not applicable,Not Applicable,per person not applicable | per group not applicable,,,,,,,,,,,,,,,,,,,,,$1150,$1150 per person | $2300 per group,30%,$1150,$1150 per person | $2300 per group,30%,Not Applicable,per person not applicable | per group not applicable,Not Applicable,per person not applicable | per group not applicable,No,,,,,,,https://www.sbc.anthem.com/dps/ccd82T2,http://editiondigital.net/view/IU65/2019/ON_HIX_MO_KIT_2019
04/18/2024 15:08,04/24/2024 22:31,32753MO0950002-06,Anthem Heart Healthy Silver Pathway X 0 (0 Virtual PCP + 0 Select Drugs + Incentives) S06,Anthem Heart Healthy Silver Pathway X 0 ($0 Virtual PCP + $0 Select Drugs + Incentives) S06,Silver,94% AV Level Silver Plan,0.942145781973,,Yes,Yes,No,,Yes,40.00,,$0,$0,$1100,$60,$0,$100,$900,$20,$0,$50,$600,$0,,,,,,,,,,,,,,,,,$1075,$1075 per person | $2150 per group,$1075,$1075 per person | $2150 per group,Not Applicable,per person not applicable | per group not applicable,Not Applicable,per person not applicable | per group not applicable,,,,,,,,,,,,,,,,,,,,,$0,$0 per person | $0 per group,30%,$0,$0 per person | $0 per group,30%,Not Applicable,per person not applicable | per group not applicable,Not Applicable,per person not applicable | per group not applicable,No,,,,,,,https://www.sbc.anthem.com/dps/ccd82WQ,http://editiondigital.net/view/IU65/2019/ON_HIX_MO_KIT_2019
03/21/2024 17:30,04/24/2024 22:31,32753MO0950005-00,Anthem Bronze Pathway 5900 for HSA (+ Incentives),Anthem Bronze Pathway 5900 for HSA (+ Incentives),Bronze,Standard Bronze Off Exchange Plan,,,Yes,Yes,No,,Yes,,,$5900,$0,$1300,$60,$5400,$0,$0,$20,$2800,$0,$0,$0,,,,,,,,,,,,,,,,,$7500,$7500 per person | $15000 per group,$7500,$7500 per person | $15000 per group,Not Applicable,per person not applicable | per group not applicable,Not Applicable,per person not applicable | per group not applicable,,,,,,,,,,,,,,,,,,,,,$5900,$5900 per person | $11800 per group,20%,$5900,$5900 per person | $11800 per group,20%,Not Applicable,per person not applicable | per group not applicable,Not Applicable,per person not applicable | per group not applicable,Yes,,,,,,,https://www.sbc.anthem.com/dps/ccd82TS,http://editiondigital.net/view/IU65/2019/OFF_HIX_MO_KIT_2019
03/21/2024 17:30,04/24/2024 22:31,32753MO0950005-01,Anthem Bronze Pathway X 5900 for HSA (+ Incentives),Anthem Bronze Pathway X 5900 for HSA (+ Incentives),Bronze,Standard Bronze On Exchange Plan,,,Yes,Yes,No,,Yes,,,$5900,$0,$1300,$60,$5400,$0,$0,$20,$2800,$0,$0,$0,,,,,,,,,,,,,,,,,$7500,$7500 per person | $15000 per group,$7500,$7500 per person | $15000 per group,Not Applicable,per person not applicable | per group not applicable,Not Applicable,per person not applicable | per group not applicable,,,,,,,,,,,,,,,,,,,,,$5900,$5900 per person | $11800 per group,20%,$5900,$5900 per person | $11800 per group,20%,Not Applicable,per person not applicable | per group not applicable,Not Applicable,per person not applicable | per group not applicable,Yes,,,,,,,https://www.sbc.anthem.com/dps/ccd82VX,http://editiondigital.net/view/IU65/2019/ON_HIX_MO_KIT_2019
03/21/2024 19:18,04/24/2024 22:31,32753MO0950005-02,Anthem Bronze Pathway X AI (+ Incentives),Anthem Bronze Pathway X AI (+ Incentives),Bronze,Zero Cost Sharing Plan Variation,1,,Yes,Yes,No,,Yes,,,$0,$0,$0,$60,$0,$0,$0,$20,$0,$0,$0,$0,,,,,,,,,,,,,,,,,$0,$0 per person | $0 per group,$0,$0 per person | $0 per group,Not Applicable,per person not applicable | per group not applicable,Not Applicable,per person not applicable | per group not applicable,,,,,,,,,,,,,,,,,,,,,$0,$0 per person | $0 per group,0.00%,$0,$0 per person | $0 per group,0.00%,Not Applicable,per person not applicable | per group not applicable,Not Applicable,per person not applicable | per group not applicable,No,,,,,,,https://www.sbc.anthem.com/dps/ccd82WT,http://editiondigital.net/view/IU65/2019/ON_HIX_MO_KIT_2019
03/21/2024 17:30,04/24/2024 22:31,32753MO0950005-03,Anthem Bronze Pathway X 5900 S03 (+ Incentives),Anthem Bronze Pathway X 5900 S03 (+ Incentives),Bronze,Standard Bronze On Exchange Plan,,,Yes,Yes,No,,Yes,,,$5900,$0,$1300,$60,$5400,$0,$0,$20,$2800,$0,$0,$0,,,,,,,,,,,,,,,,,$7500,$7500 per person | $15000 per group,$7500,$7500 per person | $15000 per group,Not Applicable,per person not applicable | per group not applicable,Not Applicable,per person not applicable | per group not applicable,,,,,,,,,,,,,,,,,,,,,$5900,$5900 per person | $11800 per group,20%,$5900,$5900 per person | $11800 per group,20%,Not Applicable,per person not applicable | per group not applicable,Not Applicable,per person not applicable | per group not applicable,No,,,,,,,https://www.sbc.anthem.com/dps/ccd82WC,http://editiondigital.net/view/IU65/2019/ON_HIX_MO_KIT_2019
03/21/2024 17:31,04/24/2024 22:31,32753MO0950006-00,Anthem Silver Pathway 3700 (0 Virtual PCP + 0 Select Drugs + Incentives),Anthem Silver Pathway 3700 ($0 Virtual PCP + $0 Select Drugs + Incentives),Silver,Standard Silver Off Exchange Plan,,,Yes,Yes,No,,Yes,,,$3700,$10,$3200,$60,$100,$1400,$0,$20,$2100,$300,$0,$0,,,,,,,,,,,,,,,,,$8475,$8475 per person | $16950 per group,$8475,$8475 per person | $16950 per group,Not Applicable,per person not applicable | per group not applicable,Not Applicable,per person not applicable | per group not applicable,,,,,,,,,,,,,,,,,,,,,$3700,$3700 per person | $7400 per group,20%,$3700,$3700 per person | $7400 per group,20%,Not Applicable,per person not applicable | per group not applicable,Not Applicable,per person not applicable | per group not applicable,No,,,,,,,https://www.sbc.anthem.com/dps/ccd82SX,http://editiondigital.net/view/IU65/2019/OFF_HIX_MO_KIT_2019
03/21/2024 17:30,04/24/2024 22:31,32753MO0950006-01,Anthem Silver Pathway X 3700 (0 Virtual PCP + 0 Select Drugs + Incentives),Anthem Silver Pathway X 3700 ($0 Virtual PCP + $0 Select Drugs + Incentives),Silver,Standard Silver On Exchange Plan,,,Yes,Yes,No,,Yes,,,$3700,$10,$3200,$60,$100,$1400,$0,$20,$2100,$300,$0,$0,,,,,,,,,,,,,,,,,$8475,$8475 per person | $16950 per group,$8475,$8475 per person | $16950 per group,Not Applicable,per person not applicable | per group not applicable,Not Applicable,per person not applicable | per group not applicable,,,,,,,,,,,,,,,,,,,,,$3700,$3700 per person | $7400 per group,20%,$3700,$3700 per person | $7400 per group,20%,Not Applicable,per person not applicable | per group not applicable,Not Applicable,per person not applicable | per group not applicable,No,,,,,,,https://www.sbc.anthem.com/dps/ccd82TZ,http://editiondigital.net/view/IU65/2019/ON_HIX_MO_KIT_2019
03/21/2024 19:18,04/24/2024 22:31,32753MO0950006-02,Anthem Silver Pathway X AI (+ Incentives),Anthem Silver Pathway X AI (+ Incentives),Silver,Zero Cost Sharing Plan Variation,1,,Yes,Yes,No,,Yes,,,$0,$0,$0,$60,$0,$0,$0,$20,$0,$0,$0,$0,,,,,,,,,,,,,,,,,$0,$0 per person | $0 per group,$0,$0 per person | $0 per group,Not Applicable,per person not applicable | per group not applicable,Not Applicable,per person not applicable | per group not applicable,,,,,,,,,,,,,,,,,,,,,$0,$0 per person | $0 per group,0.00%,$0,$0 per person | $0 per group,0.00%,Not Applicable,per person not applicable | per group not applicable,Not Applicable,per person not applicable | per group not applicable,No,,,,,,,https://www.sbc.anthem.com/dps/ccd82SN,http://editiondigital.net/view/IU65/2019/ON_HIX_MO_KIT_2019
03/21/2024 17:30,04/24/2024 22:31,32753MO0950006-03,Anthem Silver Pathway X 3700 S03 (0 Virtual PCP + 0 Select Drugs + Incentives),Anthem Silver Pathway X 3700 S03 ($0 Virtual PCP + $0 Select Drugs + Incentives),Silver,Standard Silver On Exchange Plan,,,Yes,Yes,No,,Yes,,,$3700,$10,$3200,$60,$100,$1400,$0,$20,$2100,$300,$0,$0,,,,,,,,,,,,,,,,,$8475,$8475 per person | $16950 per group,$8475,$8475 per person | $16950 per group,Not Applicable,per person not applicable | per group not applicable,Not Applicable,per person not applicable | per group not applicable,,,,,,,,,,,,,,,,,,,,,$3700,$3700 per person | $7400 per group,20%,$3700,$3700 per person | $7400 per group,20%,Not Applicable,per person not applicable | per group not applicable,Not Applicable,per person not applicable | per group not applicable,No,,,,,,,https://www.sbc.anthem.com/dps/ccd82T0,http://editiondigital.net/view/IU65/2019/ON_HIX_MO_KIT_2019
03/21/2024 17:31,04/24/2024 22:31,32753MO0950006-04,Anthem Silver Pathway X 3250 S04 (0 Virtual PCP + 0 Select Drugs + Incentives),Anthem Silver Pathway X 3250 S04 ($0 Virtual PCP + $0 Select Drugs + Incentives),Silver,73% AV Level Silver Plan,,,Yes,Yes,No,,Yes,,,$3250,$0,$3000,$60,$100,$1400,$0,$20,$2100,$300,$0,$0,,,,,,,,,,,,,,,,,$6250,$6250 per person | $12500 per group,$6250,$6250 per person | $12500 per group,Not Applicable,per person not applicable | per group not applicable,Not Applicable,per person not applicable | per group not applicable,,,,,,,,,,,,,,,,,,,,,$3250,$3250 per person | $6500 per group,20%,$3250,$3250 per person | $6500 per group,20%,Not Applicable,per person not applicable | per group not applicable,Not Applicable,per person not applicable | per group not applicable,No,,,,,,,https://www.sbc.anthem.com/dps/ccd82WE,http://editiondigital.net/view/IU65/2019/ON_HIX_MO_KIT_2019
03/21/2024 17:31,04/24/2024 22:31,32753MO0950006-05,Anthem Silver Pathway X 1050 S05 (0 Virtual PCP + 0 Select Drugs + Incentives),Anthem Silver Pathway X 1050 S05 ($0 Virtual PCP + $0 Select Drugs + Incentives),Silver,87% AV Level Silver Plan,,,Yes,Yes,No,,Yes,,,$1050,$0,$1100,$60,$100,$1200,$0,$20,$1050,$200,$200,$0,,,,,,,,,,,,,,,,,$2150,$2150 per person | $4300 per group,$2150,$2150 per person | $4300 per group,Not Applicable,per person not applicable | per group not applicable,Not Applicable,per person not applicable | per group not applicable,,,,,,,,,,,,,,,,,,,,,$1050,$1050 per person | $2100 per group,20%,$1050,$1050 per person | $2100 per group,20%,Not Applicable,per person not applicable | per group not applicable,Not Applicable,per person not applicable | per group not applicable,No,,,,,,,https://www.sbc.anthem.com/dps/ccd82S9,http://editiondigital.net/view/IU65/2019/ON_HIX_MO_KIT_2019
03/21/2024 17:31,04/24/2024 22:31,32753MO0950006-06,Anthem Silver Pathway X 150 S06 (0 Virtual PCP + 0 Select Drugs + Incentives),Anthem Silver Pathway X 150 S06 ($0 Virtual PCP + $0 Select Drugs + Incentives),Silver,94% AV Level Silver Plan,,,Yes,Yes,No,,Yes,,,$150,$0,$700,$60,$100,$700,$0,$20,$150,$100,$400,$0,,,,,,,,,,,,,,,,,$800,$800 per person | $1600 per group,$800,$800 per person | $1600 per group,Not Applicable,per person not applicable | per group not applicable,Not Applicable,per person not applicable | per group not applicable,,,,,,,,,,,,,,,,,,,,,$150,$150 per person | $300 per group,20%,$150,$150 per person | $300 per group,20%,Not Applicable,per person not applicable | per group not applicable,Not Applicable,per person not applicable | per group not applicable,No,,,,,,,https://www.sbc.anthem.com/dps/ccd82UV,http://editiondigital.net/view/IU65/2019/ON_HIX_MO_KIT_2019
04/18/2024 15:09,04/24/2024 22:31,32753MO0950008-00,Anthem Bronze Pathway 6900 (0 Virtual PCP + 0 Select Drugs + Incentives),Anthem Bronze Pathway 6900 ($0 Virtual PCP + $0 Select Drugs + Incentives),Expanded Bronze,Standard Bronze Off Exchange Plan,0.632220201285,,Yes,Yes,No,,Yes,40.00,,$6900,$0,$2300,$60,$4000,$700,$0,$20,$2100,$500,$0,$0,,,,,,,,,,,,,,,,,$9200,$9200 per person | $18400 per group,$9200,$9200 per person | $18400 per group,Not Applicable,per person not applicable | per group not applicable,Not Applicable,per person not applicable | per group not applicable,,,,,,,,,,,,,,,,,,,,,$6900,$6900 per person | $13800 per group,40%,$6900,$6900 per person | $13800 per group,40%,Not Applicable,per person not applicable | per group not applicable,Not Applicable,per person not applicable | per group not applicable,No,,,,,,,https://www.sbc.anthem.com/dps/ccd82U8,http://editiondigital.net/view/IU65/2019/OFF_HIX_MO_KIT_2019
04/18/2024 15:06,04/24/2024 22:31,32753MO0950008-01,Anthem Bronze Pathway X 6900 (0 Virtual PCP + 0 Select Drugs + Incentives),Anthem Bronze Pathway X 6900 ($0 Virtual PCP + $0 Select Drugs + Incentives),Expanded Bronze,Standard Bronze On Exchange Plan,0.632220201285,,Yes,Yes,No,,Yes,40.00,,$6900,$0,$2300,$60,$4000,$700,$0,$20,$2100,$500,$0,$0,,,,,,,,,,,,,,,,,$9200,$9200 per person | $18400 per group,$9200,$9200 per person | $18400 per group,Not Applicable,per person not applicable | per group not applicable,Not Applicable,per person not applicable | per group not applicable,,,,,,,,,,,,,,,,,,,,,$6900,$6900 per person | $13800 per group,40%,$6900,$6900 per person | $13800 per group,40%,Not Applicable,per person not applicable | per group not applicable,Not Applicable,per person not applicable | per group not applicable,No,,,,,,,https://www.sbc.anthem.com/dps/ccd82T5,http://editiondigital.net/view/IU65/2019/ON_HIX_MO_KIT_2019
04/18/2024 15:09,04/24/2024 22:31,32753MO0950008-02,Anthem Bronze Pathway X (+ Incentives) AI,Anthem Bronze Pathway X (+ Incentives) AI,Bronze,Zero Cost Sharing Plan Variation,1,,Yes,Yes,No,,Yes,40.00,,$0,$0,$0,$60,$0,$0,$0,$20,$0,$0,$0,$0,,,,,,,,,,,,,,,,,$0,$0 per person | $0 per group,$0,$0 per person | $0 per group,Not Applicable,per person not applicable | per group not applicable,Not Applicable,per person not applicable | per group not applicable,,,,,,,,,,,,,,,,,,,,,$0,$0 per person | $0 per group,0.00%,$0,$0 per person | $0 per group,0.00%,Not Applicable,per person not applicable | per group not applicable,Not Applicable,per person not applicable | per group not applicable,No,,,,,,,https://www.sbc.anthem.com/dps/ccd82UE,http://editiondigital.net/view/IU65/2019/ON_HIX_MO_KIT_2019
04/18/2024 15:06,04/24/2024 22:31,32753MO0950008-03,Anthem Bronze Pathway X 6900 (0 Virtual PCP + 0 Select Drugs + Incentives) S03,Anthem Bronze Pathway X 6900 ($0 Virtual PCP + $0 Select Drugs + Incentives) S03,Expanded Bronze,Standard Bronze On Exchange Plan,0.632220201285,,Yes,Yes,No,,Yes,40.00,,$6900,$0,$2300,$60,$4000,$700,$0,$20,$2100,$500,$0,$0,,,,,,,,,,,,,,,,,$9200,$9200 per person | $18400 per group,$9200,$9200 per person | $18400 per group,Not Applicable,per person not applicable | per group not applicable,Not Applicable,per person not applicable | per group not applicable,,,,,,,,,,,,,,,,,,,,,$6900,$6900 per person | $13800 per group,40%,$6900,$6900 per person | $13800 per group,40%,Not Applicable,per person not applicable | per group not applicable,Not Applicable,per person not applicable | per group not applicable,No,,,,,,,https://www.sbc.anthem.com/dps/ccd82T3,http://editiondigital.net/view/IU65/2019/ON_HIX_MO_KIT_2019
04/22/2024 14:28,04/24/2024 22:31,32753MO0950013-00,Anthem Silver Pathway 5350 (0 Virtual PCP + 0 Select Drugs + Incentives),Anthem Silver Pathway 5350 ($0 Virtual PCP + $0 Select Drugs + Incentives),Silver,Standard Silver Off Exchange Plan,0.70018876399,,Yes,Yes,No,,Yes,40.00,,$5350,$10,$2500,$60,$100,$1300,$0,$20,$2100,$300,$0,$0,,,,,,,,,,,,,,,,,$8500,$8500 per person | $17000 per group,$8500,$8500 per person | $17000 per group,Not Applicable,per person not applicable | per group not applicable,Not Applicable,per person not applicable | per group not applicable,,,,,,,,,,,,,,,,,,,,,$5350,$5350 per person | $10700 per group,35%,$5350,$5350 per person | $10700 per group,35%,Not Applicable,per person not applicable | per group not applicable,Not Applicable,per person not applicable | per group not applicable,No,,,,,3,,https://www.sbc.anthem.com/dps/ccd82WA,http://editiondigital.net/view/IU65/2019/OFF_HIX_MO_KIT_2019
04/22/2024 15:19,04/24/2024 22:31,32753MO0950013-01,Anthem Silver Pathway X 5350 (0 Virtual PCP + 0 Select Drugs + Incentives),Anthem Silver Pathway X 5350 ($0 Virtual PCP + $0 Select Drugs + Incentives),Silver,Standard Silver On Exchange Plan,0.70018876399,,Yes,Yes,No,,Yes,40.00,,$5350,$10,$2500,$60,$100,$1300,$0,$20,$2100,$300,$0,$0,,,,,,,,,,,,,,,,,$8500,$8500 per person | $17000 per group,$8500,$8500 per person | $17000 per group,Not Applicable,per person not applicable | per group not applicable,Not Applicable,per person not applicable | per group not applicable,,,,,,,,,,,,,,,,,,,,,$5350,$5350 per person | $10700 per group,35%,$5350,$5350 per person | $10700 per group,35%,Not Applicable,per person not applicable | per group not applicable,Not Applicable,per person not applicable | per group not applicable,No,,,,,3,,https://www.sbc.anthem.com/dps/ccd82SY,http://editiondigital.net/view/IU65/2019/ON_HIX_MO_KIT_2019
04/18/2024 15:07,04/24/2024 22:31,32753MO0950013-02,Anthem Silver Pathway X (+ Incentives) AI,Anthem Silver Pathway X (+ Incentives) AI,Silver,Zero Cost Sharing Plan Variation,1,,Yes,Yes,No,,Yes,40.00,,$0,$0,$0,$60,$0,$0,$0,$20,$0,$0,$0,$0,,,,,,,,,,,,,,,,,$0,$0 per person | $0 per group,$0,$0 per person | $0 per group,Not Applicable,per person not applicable | per group not applicable,Not Applicable,per person not applicable | per group not applicable,,,,,,,,,,,,,,,,,,,,,$0,$0 per person | $0 per group,0.00%,$0,$0 per person | $0 per group,0.00%,Not Applicable,per person not applicable | per group not applicable,Not Applicable,per person not applicable | per group not applicable,No,,,,,,,https://www.sbc.anthem.com/dps/ccd82SA,http://editiondigital.net/view/IU65/2019/ON_HIX_MO_KIT_2019
04/22/2024 15:19,04/24/2024 22:31,32753MO0950013-03,Anthem Silver Pathway X 5350 (0 Virtual PCP + 0 Select Drugs + Incentives) S03,Anthem Silver Pathway X 5350 ($0 Virtual PCP + $0 Select Drugs + Incentives) S03,Silver,Standard Silver On Exchange Plan,0.70018876399,,Yes,Yes,No,,Yes,40.00,,$5350,$10,$2500,$60,$100,$1300,$0,$20,$2100,$300,$0,$0,,,,,,,,,,,,,,,,,$8500,$8500 per person | $17000 per group,$8500,$8500 per person | $17000 per group,Not Applicable,per person not applicable | per group not applicable,Not Applicable,per person not applicable | per group not applicable,,,,,,,,,,,,,,,,,,,,,$5350,$5350 per person | $10700 per group,35%,$5350,$5350 per person | $10700 per group,35%,Not Applicable,per person not applicable | per group not applicable,Not Applicable,per person not applicable | per group not applicable,No,,,,,3,,https://www.sbc.anthem.com/dps/ccd82WM,http://editiondigital.net/view/IU65/2019/ON_HIX_MO_KIT_2019
04/18/2024 15:08,04/24/2024 22:31,32753MO0950013-04,Anthem Silver Pathway X 4100 (0 Virtual PCP + 0 Select Drugs + Incentives) S04,Anthem Silver Pathway X 4100 ($0 Virtual PCP + $0 Select Drugs + Incentives) S04,Silver,73% AV Level Silver Plan,0.736442020133,,Yes,Yes,No,,Yes,40.00,,$4100,$0,$2400,$60,$100,$1200,$0,$20,$2100,$200,$0,$0,,,,,,,,,,,,,,,,,$6450,$6450 per person | $12900 per group,$6450,$6450 per person | $12900 per group,Not Applicable,per person not applicable | per group not applicable,Not Applicable,per person not applicable | per group not applicable,,,,,,,,,,,,,,,,,,,,,$4100,$4100 per person | $8200 per group,25%,$4100,$4100 per person | $8200 per group,25%,Not Applicable,per person not applicable | per group not applicable,Not Applicable,per person not applicable | per group not applicable,No,,,,,,,https://www.sbc.anthem.com/dps/ccd82S8,http://editiondigital.net/view/IU65/2019/ON_HIX_MO_KIT_2019
04/18/2024 15:07,04/24/2024 22:31,32753MO0950013-05,Anthem Silver Pathway X 400 (0 Virtual PCP + 0 Select Drugs + Incentives) S05,Anthem Silver Pathway X 400 ($0 Virtual PCP + $0 Select Drugs + Incentives) S05,Silver,87% AV Level Silver Plan,0.871469438972,,Yes,Yes,No,,Yes,40.00,,$400,$0,$2600,$60,$100,$1100,$0,$20,$400,$200,$400,$0,,,,,,,,,,,,,,,,,$2950,$2950 per person | $5900 per group,$2950,$2950 per person | $5900 per group,Not Applicable,per person not applicable | per group not applicable,Not Applicable,per person not applicable | per group not applicable,,,,,,,,,,,,,,,,,,,,,$400,$400 per person | $800 per group,25%,$400,$400 per person | $800 per group,25%,Not Applicable,per person not applicable | per group not applicable,Not Applicable,per person not applicable | per group not applicable,No,,,,,,,https://www.sbc.anthem.com/dps/ccd82UB,http://editiondigital.net/view/IU65/2019/ON_HIX_MO_KIT_2019
04/18/2024 15:09,04/24/2024 22:31,32753MO0950013-06,Anthem Silver Pathway X 0 (0 Virtual PCP + 0 Select Drugs + Incentives) S06,Anthem Silver Pathway X 0 ($0 Virtual PCP + $0 Select Drugs + Incentives) S06,Silver,94% AV Level Silver Plan,0.941855061916,,Yes,Yes,No,,Yes,40.00,,$0,$0,$1000,$60,$0,$1000,$30,$20,$0,$200,$500,$0,,,,,,,,,,,,,,,,,$1000,$1000 per person | $2000 per group,$1000,$1000 per person | $2000 per group,Not Applicable,per person not applicable | per group not applicable,Not Applicable,per person not applicable | per group not applicable,,,,,,,,,,,,,,,,,,,,,$0,$0 per person | $0 per group,25%,$0,$0 per person | $0 per group,25%,Not Applicable,per person not applicable | per group not applicable,Not Applicable,per person not applicable | per group not applicable,No,,,,,,,https://www.sbc.anthem.com/dps/ccd82VR,http://editiondigital.net/view/IU65/2019/ON_HIX_MO_KIT_2019
04/22/2024 14:34,04/24/2024 22:31,32753MO0950015-00,Anthem Silver Pathway 7000 (0 Virtual PCP + 0 Select Drugs + Incentives),Anthem Silver Pathway 7000 ($0 Virtual PCP + $0 Select Drugs + Incentives),Silver,Standard Silver Off Exchange Plan,0.700549849532,,Yes,Yes,No,,Yes,40.00,,$7250,$0,$600,$60,$100,$1500,$0,$20,$2100,$300,$0,$0,,,,,,,,,,,,,,,,,$7800,$7800 per person | $15600 per group,$7800,$7800 per person | $15600 per group,Not Applicable,per person not applicable | per group not applicable,Not Applicable,per person not applicable | per group not applicable,,,,,,,,,,,,,,,,,,,,,$7250,$7250 per person | $14500 per group,50%,$7250,$7250 per person | $14500 per group,50%,Not Applicable,per person not applicable | per group not applicable,Not Applicable,per person not applicable | per group not applicable,No,,,,,,,https://www.sbc.anthem.com/dps/ccd82WR,http://editiondigital.net/view/IU65/2019/OFF_HIX_MO_KIT_2019
04/22/2024 15:19,04/24/2024 22:31,32753MO0950015-01,Anthem Silver Pathway X 7000 (0 Virtual PCP + 0 Select Drugs + Incentives),Anthem Silver Pathway X 7000 ($0 Virtual PCP + $0 Select Drugs + Incentives),Silver,Standard Silver On Exchange Plan,0.700549849532,,Yes,Yes,No,,Yes,40.00,,$7250,$0,$600,$60,$100,$1500,$0,$20,$2100,$300,$0,$0,,,,,,,,,,,,,,,,,$7800,$7800 per person | $15600 per group,$7800,$7800 per person | $15600 per group,Not Applicable,per person not applicable | per group not applicable,Not Applicable,per person not applicable | per group not applicable,,,,,,,,,,,,,,,,,,,,,$7250,$7250 per person | $14500 per group,50%,$7250,$7250 per person | $14500 per group,50%,Not Applicable,per person not applicable | per group not applicable,Not Applicable,per person not applicable | per group not applicable,No,,,,,,,https://www.sbc.anthem.com/dps/ccd82UK,http://editiondigital.net/view/IU65/2019/ON_HIX_MO_KIT_2019
04/18/2024 15:09,04/24/2024 22:31,32753MO0950015-02,Anthem Silver Pathway X AI (+ Incentives),Anthem Silver Pathway X AI (+ Incentives),Silver,Zero Cost Sharing Plan Variation,1,,Yes,Yes,No,,Yes,40.00,,$0,$0,$0,$60,$0,$0,$0,$20,$0,$0,$0,$0,,,,,,,,,,,,,,,,,$0,$0 per person | $0 per group,$0,$0 per person | $0 per group,Not Applicable,per person not applicable | per group not applicable,Not Applicable,per person not applicable | per group not applicable,,,,,,,,,,,,,,,,,,,,,$0,$0 per person | $0 per group,0.00%,$0,$0 per person | $0 per group,0.00%,Not Applicable,per person not applicable | per group not applicable,Not Applicable,per person not applicable | per group not applicable,No,,,,,,,https://www.sbc.anthem.com/dps/ccd82TU,http://editiondigital.net/view/IU65/2019/ON_HIX_MO_KIT_2019
04/22/2024 15:19,04/24/2024 22:31,32753MO0950015-03,Anthem Silver Pathway X 7000 S03 (0 Virtual PCP + 0 Select Drugs + Incentives),Anthem Silver Pathway X 7000 S03 ($0 Virtual PCP + $0 Select Drugs + Incentives),Silver,Standard Silver On Exchange Plan,0.700549849532,,Yes,Yes,No,,Yes,40.00,,$7250,$0,$600,$60,$100,$1500,$0,$20,$2100,$300,$0,$0,,,,,,,,,,,,,,,,,$7800,$7800 per person | $15600 per group,$7800,$7800 per person | $15600 per group,Not Applicable,per person not applicable | per group not applicable,Not Applicable,per person not applicable | per group not applicable,,,,,,,,,,,,,,,,,,,,,$7250,$7250 per person | $14500 per group,50%,$7250,$7250 per person | $14500 per group,50%,Not Applicable,per person not applicable | per group not applicable,Not Applicable,per person not applicable | per group not applicable,No,,,,,,,https://www.sbc.anthem.com/dps/ccd82VL,http://editiondigital.net/view/IU65/2019/ON_HIX_MO_KIT_2019
04/18/2024 15:09,04/24/2024 22:31,32753MO0950015-04,Anthem Silver Pathway X 3550 (0 Virtual PCP + 0 Select Drugs + Incentives) S04,Anthem Silver Pathway X 3550 ($0 Virtual PCP + $0 Select Drugs + Incentives) S04,Silver,73% AV Level Silver Plan,0.73103533826,,Yes,Yes,No,,Yes,40.00,,$3550,$10,$2700,$60,$100,$1300,$0,$20,$2100,$200,$0,$0,,,,,,,,,,,,,,,,,$7350,$7350 per person | $14700 per group,$7350,$7350 per person | $14700 per group,Not Applicable,per person not applicable | per group not applicable,Not Applicable,per person not applicable | per group not applicable,,,,,,,,,,,,,,,,,,,,,$3550,$3550 per person | $7100 per group,30%,$3550,$3550 per person | $7100 per group,30%,Not Applicable,per person not applicable | per group not applicable,Not Applicable,per person not applicable | per group not applicable,No,,,,,,,https://www.sbc.anthem.com/dps/ccd82U9,http://editiondigital.net/view/IU65/2019/ON_HIX_MO_KIT_2019
04/18/2024 15:09,04/24/2024 22:31,32753MO0950015-05,Anthem Silver Pathway X 650 (0 Virtual PCP + 0 Select Drugs + Incentives) S05,Anthem Silver Pathway X 650 ($0 Virtual PCP + $0 Select Drugs + Incentives) S05,Silver,87% AV Level Silver Plan,0.871048325442,,Yes,Yes,No,,Yes,40.00,,$650,$0,$2400,$60,$100,$1200,$0,$20,$650,$100,$300,$0,,,,,,,,,,,,,,,,,$3050,$3050 per person | $6100 per group,$3050,$3050 per person | $6100 per group,Not Applicable,per person not applicable | per group not applicable,Not Applicable,per person not applicable | per group not applicable,,,,,,,,,,,,,,,,,,,,,$650,$650 per person | $1300 per group,20%,$650,$650 per person | $1300 per group,20%,Not Applicable,per person not applicable | per group not applicable,Not Applicable,per person not applicable | per group not applicable,No,,,,,,,https://www.sbc.anthem.com/dps/ccd82WL,http://editiondigital.net/view/IU65/2019/ON_HIX_MO_KIT_2019
04/18/2024 15:10,04/24/2024 22:31,32753MO0950015-06,Anthem Silver Pathway X 0 (0 Virtual PCP + 0 Select Drugs + Incentives) S06,Anthem Silver Pathway X 0 ($0 Virtual PCP + $0 Select Drugs + Incentives) S06,Silver,94% AV Level Silver Plan,0.941556272302,,Yes,Yes,No,,Yes,40.00,,$0,$0,$1200,$60,$0,$1100,$20,$20,$0,$100,$400,$0,,,,,,,,,,,,,,,,,$1150,$1150 per person | $2300 per group,$1150,$1150 per person | $2300 per group,Not Applicable,per person not applicable | per group not applicable,Not Applicable,per person not applicable | per group not applicable,,,,,,,,,,,,,,,,,,,,,$0,$0 per person | $0 per group,20%,$0,$0 per person | $0 per group,20%,Not Applicable,per person not applicable | per group not applicable,Not Applicable,per person not applicable | per group not applicable,No,,,,,,,https://www.sbc.anthem.com/dps/ccd82W7,http://editiondigital.net/view/IU65/2019/ON_HIX_MO_KIT_2019
04/18/2024 15:08,04/24/2024 22:31,32753MO0950016-00,Anthem Catastrophic Pathway 9200 (+ Incentives),Anthem Catastrophic Pathway 9200 (+ Incentives),Catastrophic,Standard Catastrophic Off Exchange Plan,0.596520561193,,Yes,Yes,No,,Yes,40.00,,$9200,$0,$0,$60,$5200,$100,$0,$20,$2800,$0,$0,$0,,,,,,,,,,,,,,,,,$9200,$9200 per person | $18400 per group,$9200,$9200 per person | $18400 per group,Not Applicable,per person not applicable | per group not applicable,Not Applicable,per person not applicable | per group not applicable,,,,,,,,,,,,,,,,,,,,,$9200,$9200 per person | $18400 per group,0%,$9200,$9200 per person | $18400 per group,0%,Not Applicable,per person not applicable | per group not applicable,Not Applicable,per person not applicable | per group not applicable,No,,,,,,3,https://www.sbc.anthem.com/dps/ccd82SU,http://editiondigital.net/view/IU65/2019/OFF_HIX_MO_KIT_2019
04/18/2024 15:06,04/24/2024 22:31,32753MO0950016-01,Anthem Catastrophic Pathway X 9200 (+ Incentives),Anthem Catastrophic Pathway X 9200 (+ Incentives),Catastrophic,Standard Catastrophic On Exchange Plan,0.596520561193,,Yes,Yes,No,,Yes,40.00,,$9200,$0,$0,$60,$5200,$100,$0,$20,$2800,$0,$0,$0,,,,,,,,,,,,,,,,,$9200,$9200 per person | $18400 per group,$9200,$9200 per person | $18400 per group,Not Applicable,per person not applicable | per group not applicable,Not Applicable,per person not applicable | per group not applicable,,,,,,,,,,,,,,,,,,,,,$9200,$9200 per person | $18400 per group,0%,$9200,$9200 per person | $18400 per group,0%,Not Applicable,per person not applicable | per group not applicable,Not Applicable,per person not applicable | per group not applicable,No,,,,,,3,https://www.sbc.anthem.com/dps/ccd82WH,http://editiondigital.net/view/IU65/2019/ON_HIX_MO_KIT_2019
04/18/2024 15:07,04/24/2024 22:31,32753MO0950017-00,Anthem Heart Healthy Bronze Pathway 4900 (0 Virtual PCP + 0 Select Drugs + Incentives),Anthem Heart Healthy Bronze Pathway 4900 ($0 Virtual PCP + $0 Select Drugs + Incentives),Expanded Bronze,Standard Bronze Off Exchange Plan,0.618835660225,,Yes,Yes,No,,Yes,40.00,,$4900,$10,$3000,$60,$900,$1400,$0,$20,$2800,$10,$0,$0,,,,,,,,,,,,,,,,,$9200,$9200 per person | $18400 per group,$9200,$9200 per person | $18400 per group,Not Applicable,per person not applicable | per group not applicable,Not Applicable,per person not applicable | per group not applicable,,,,,,,,,,,,,,,,,,,,,$4900,$4900 per person | $9800 per group,30%,$4900,$4900 per person | $9800 per group,30%,Not Applicable,per person not applicable | per group not applicable,Not Applicable,per person not applicable | per group not applicable,No,,,,,,2,https://www.sbc.anthem.com/dps/ccd82V1,http://editiondigital.net/view/IU65/2019/OFF_HIX_MO_KIT_2019
04/18/2024 15:07,04/24/2024 22:31,32753MO0950017-01,Anthem Heart Healthy Bronze Pathway X 4900 (0 Virtual PCP + 0 Select Drugs + Incentives),Anthem Heart Healthy Bronze Pathway X 4900 ($0 Virtual PCP + $0 Select Drugs + Incentives),Expanded Bronze,Standard Bronze On Exchange Plan,0.618835660225,,Yes,Yes,No,,Yes,40.00,,$4900,$10,$3000,$60,$900,$1400,$0,$20,$2800,$10,$0,$0,,,,,,,,,,,,,,,,,$9200,$9200 per person | $18400 per group,$9200,$9200 per person | $18400 per group,Not Applicable,per person not applicable | per group not applicable,Not Applicable,per person not applicable | per group not applicable,,,,,,,,,,,,,,,,,,,,,$4900,$4900 per person | $9800 per group,30%,$4900,$4900 per person | $9800 per group,30%,Not Applicable,per person not applicable | per group not applicable,Not Applicable,per person not applicable | per group not applicable,No,,,,,,2,https://www.sbc.anthem.com/dps/ccd82SR,http://editiondigital.net/view/IU65/2019/ON_HIX_MO_KIT_2019
04/18/2024 15:09,04/24/2024 22:31,32753MO0950017-02,Anthem Heart Healthy Bronze Pathway X (+ Incentives) AI,Anthem Heart Healthy Bronze Pathway X (+ Incentives) AI,Bronze,Zero Cost Sharing Plan Variation,1,,Yes,Yes,No,,Yes,40.00,,$0,$0,$0,$60,$0,$0,$0,$20,$0,$0,$0,$0,,,,,,,,,,,,,,,,,$0,$0 per person | $0 per group,$0,$0 per person | $0 per group,Not Applicable,per person not applicable | per group not applicable,Not Applicable,per person not applicable | per group not applicable,,,,,,,,,,,,,,,,,,,,,$0,$0 per person | $0 per group,0.00%,$0,$0 per person | $0 per group,0.00%,Not Applicable,per person not applicable | per group not applicable,Not Applicable,per person not applicable | per group not applicable,No,,,,,,,https://www.sbc.anthem.com/dps/ccd82UY,http://editiondigital.net/view/IU65/2019/ON_HIX_MO_KIT_2019
04/18/2024 15:07,04/24/2024 22:31,32753MO0950017-03,Anthem Heart Healthy Bronze Pathway X 4900 (0 Virtual PCP + 0 Select Drugs + Incentives) S03,Anthem Heart Healthy Bronze Pathway X 4900 ($0 Virtual PCP + $0 Select Drugs + Incentives) S03,Expanded Bronze,Standard Bronze On Exchange Plan,0.618835660225,,Yes,Yes,No,,Yes,40.00,,$4900,$10,$3000,$60,$900,$1400,$0,$20,$2800,$10,$0,$0,,,,,,,,,,,,,,,,,$9200,$9200 per person | $18400 per group,$9200,$9200 per person | $18400 per group,Not Applicable,per person not applicable | per group not applicable,Not Applicable,per person not applicable | per group not applicable,,,,,,,,,,,,,,,,,,,,,$4900,$4900 per person | $9800 per group,30%,$4900,$4900 per person | $9800 per group,30%,Not Applicable,per person not applicable | per group not applicable,Not Applicable,per person not applicable | per group not applicable,No,,,,,,2,https://www.sbc.anthem.com/dps/ccd82VM,http://editiondigital.net/view/IU65/2019/ON_HIX_MO_KIT_2019
04/18/2024 15:08,04/24/2024 22:31,32753MO0950021-00,Anthem Bronze Pathway 7500 Standard (0 Virtual PCP + 0 Select Drugs + Incentives),Anthem Bronze Pathway 7500 Standard ($0 Virtual PCP + $0 Select Drugs + Incentives),Expanded Bronze,Standard Bronze Off Exchange Plan,0.6381,,Yes,Yes,No,,No,100.00,,$7500,$0,$1700,$60,$4000,$700,$0,$20,$2100,$500,$0,$0,,,,,,,,,,,,,,,,,$9200,$9200 per person | $18400 per group,,,Not Applicable,per person not applicable | per group not applicable,Not Applicable,per person not applicable | per group not applicable,,,,,,,,,,,,,,,,,,,,,$7500,$7500 per person | $15000 per group,50%,,,,Not Applicable,per person not applicable | per group not applicable,Not Applicable,per person not applicable | per group not applicable,No,,,,,,,https://www.sbc.anthem.com/dps/ccd82V5,http://editiondigital.net/view/IU65/2019/OFF_HIX_MO_KIT_2019
04/18/2024 15:06,04/24/2024 22:31,32753MO0950021-01,Anthem Bronze Pathway X 7500 Standard (0 Virtual PCP + 0 Select Drugs + Incentives),Anthem Bronze Pathway X 7500 Standard ($0 Virtual PCP + $0 Select Drugs + Incentives),Expanded Bronze,Standard Bronze On Exchange Plan,0.6381,,Yes,Yes,No,,No,100.00,,$7500,$0,$1700,$60,$4000,$700,$0,$20,$2100,$500,$0,$0,,,,,,,,,,,,,,,,,$9200,$9200 per person | $18400 per group,,,Not Applicable,per person not applicable | per group not applicable,Not Applicable,per person not applicable | per group not applicable,,,,,,,,,,,,,,,,,,,,,$7500,$7500 per person | $15000 per group,50%,,,,Not Applicable,per person not applicable | per group not applicable,Not Applicable,per person not applicable | per group not applicable,No,,,,,,,https://www.sbc.anthem.com/dps/ccd82UT,http://editiondigital.net/view/IU65/2019/ON_HIX_MO_KIT_2019
04/18/2024 15:10,04/24/2024 22:31,32753MO0950021-02,Anthem Bronze Pathway X Standard (+ Incentives) AI,Anthem Bronze Pathway X Standard (+ Incentives) AI,Bronze,Zero Cost Sharing Plan Variation,1,,Yes,Yes,No,,No,100.00,,$0,$0,$0,$60,$0,$0,$0,$20,$0,$0,$0,$0,,,,,,,,,,,,,,,,,$0,$0 per person | $0 per group,,,Not Applicable,per person not applicable | per group not applicable,Not Applicable,per person not applicable | per group not applicable,,,,,,,,,,,,,,,,,,,,,$0,$0 per person | $0 per group,0.00%,,,,Not Applicable,per person not applicable | per group not applicable,Not Applicable,per person not applicable | per group not applicable,No,,,,,,,https://www.sbc.anthem.com/dps/ccd82WJ,http://editiondigital.net/view/IU65/2019/ON_HIX_MO_KIT_2019
04/18/2024 15:06,04/24/2024 22:31,32753MO0950021-03,Anthem Bronze Pathway X 7500 Standard (0 Virtual PCP + 0 Select Drugs + Incentives) S03,Anthem Bronze Pathway X 7500 Standard ($0 Virtual PCP + $0 Select Drugs + Incentives) S03,Expanded Bronze,Standard Bronze On Exchange Plan,0.6381,,Yes,Yes,No,,No,100.00,,$7500,$0,$1700,$60,$4000,$700,$0,$20,$2100,$500,$0,$0,,,,,,,,,,,,,,,,,$9200,$9200 per person | $18400 per group,,,Not Applicable,per person not applicable | per group not applicable,Not Applicable,per person not applicable | per group not applicable,,,,,,,,,,,,,,,,,,,,,$7500,$7500 per person | $15000 per group,50%,,,,Not Applicable,per person not applicable | per group not applicable,Not Applicable,per person not applicable | per group not applicable,No,,,,,,,https://www.sbc.anthem.com/dps/ccd82VN,http://editiondigital.net/view/IU65/2019/ON_HIX_MO_KIT_2019
04/18/2024 15:08,04/24/2024 22:31,32753MO0950022-00,Anthem Silver Pathway 5000 Standard (0 Virtual PCP + 0 Select Drugs + Incentives),Anthem Silver Pathway 5000 Standard ($0 Virtual PCP + $0 Select Drugs + Incentives),Silver,Standard Silver Off Exchange Plan,0.7001,,Yes,Yes,No,,No,100.00,,$5000,$0,$3000,$60,$100,$1600,$0,$20,$2100,$400,$0,$0,,,,,,,,,,,,,,,,,$8000,$8000 per person | $16000 per group,,,Not Applicable,per person not applicable | per group not applicable,Not Applicable,per person not applicable | per group not applicable,,,,,,,,,,,,,,,,,,,,,$5000,$5000 per person | $10000 per group,40%,,,,Not Applicable,per person not applicable | per group not applicable,Not Applicable,per person not applicable | per group not applicable,No,,,,,,,https://www.sbc.anthem.com/dps/ccd82V4,http://editiondigital.net/view/IU65/2019/OFF_HIX_MO_KIT_2019
04/18/2024 15:06,04/24/2024 22:31,32753MO0950022-01,Anthem Silver Pathway X 5000 Standard (0 Virtual PCP + 0 Select Drugs + Incentives),Anthem Silver Pathway X 5000 Standard ($0 Virtual PCP + $0 Select Drugs + Incentives),Silver,Standard Silver On Exchange Plan,0.7001,,Yes,Yes,No,,No,100.00,,$5000,$0,$3000,$60,$100,$1600,$0,$20,$2100,$400,$0,$0,,,,,,,,,,,,,,,,,$8000,$8000 per person | $16000 per group,,,Not Applicable,per person not applicable | per group not applicable,Not Applicable,per person not applicable | per group not applicable,,,,,,,,,,,,,,,,,,,,,$5000,$5000 per person | $10000 per group,40%,,,,Not Applicable,per person not applicable | per group not applicable,Not Applicable,per person not applicable | per group not applicable,No,,,,,,,https://www.sbc.anthem.com/dps/ccd82U5,http://editiondigital.net/view/IU65/2019/ON_HIX_MO_KIT_2019
04/18/2024 15:10,04/24/2024 22:31,32753MO0950022-02,Anthem Silver Pathway X Standard (+ Incentives) AI,Anthem Silver Pathway X Standard (+ Incentives) AI,Silver,Zero Cost Sharing Plan Variation,1,,Yes,Yes,No,,No,100.00,,$0,$0,$0,$60,$0,$0,$0,$20,$0,$0,$0,$0,,,,,,,,,,,,,,,,,$0,$0 per person | $0 per group,,,Not Applicable,per person not applicable | per group not applicable,Not Applicable,per person not applicable | per group not applicable,,,,,,,,,,,,,,,,,,,,,$0,$0 per person | $0 per group,0.00%,,,,Not Applicable,per person not applicable | per group not applicable,Not Applicable,per person not applicable | per group not applicable,No,,,,,,,https://www.sbc.anthem.com/dps/ccd82SZ,http://editiondigital.net/view/IU65/2019/ON_HIX_MO_KIT_2019
04/18/2024 15:06,04/24/2024 22:31,32753MO0950022-03,Anthem Silver Pathway X 5000 Standard S03 (0 Virtual PCP + 0 Select Drugs + Incentives),Anthem Silver Pathway X 5000 Standard S03 ($0 Virtual PCP + $0 Select Drugs + Incentives),Silver,Standard Silver On Exchange Plan,0.7001,,Yes,Yes,No,,No,100.00,,$5000,$0,$3000,$60,$100,$1600,$0,$20,$2100,$400,$0,$0,,,,,,,,,,,,,,,,,$8000,$8000 per person | $16000 per group,,,Not Applicable,per person not applicable | per group not applicable,Not Applicable,per person not applicable | per group not applicable,,,,,,,,,,,,,,,,,,,,,$5000,$5000 per person | $10000 per group,40%,,,,Not Applicable,per person not applicable | per group not applicable,Not Applicable,per person not applicable | per group not applicable,No,,,,,,,https://www.sbc.anthem.com/dps/ccd82WP,http://editiondigital.net/view/IU65/2019/ON_HIX_MO_KIT_2019
04/18/2024 15:08,04/24/2024 22:31,32753MO0950022-04,Anthem Silver Pathway X 3000 Standard (0 Virtual PCP + 0 Select Drugs + Incentives) S04,Anthem Silver Pathway X 3000 Standard ($0 Virtual PCP + $0 Select Drugs + Incentives) S04,Silver,73% AV Level Silver Plan,0.7309,,Yes,Yes,No,,No,100.00,,$3000,$0,$3400,$60,$100,$1600,$0,$20,$2100,$400,$0,$0,,,,,,,,,,,,,,,,,$6400,$6400 per person | $12800 per group,,,Not Applicable,per person not applicable | per group not applicable,Not Applicable,per person not applicable | per group not applicable,,,,,,,,,,,,,,,,,,,,,$3000,$3000 per person | $6000 per group,40%,,,,Not Applicable,per person not applicable | per group not applicable,Not Applicable,per person not applicable | per group not applicable,No,,,,,,,https://www.sbc.anthem.com/dps/ccd82VB,http://editiondigital.net/view/IU65/2019/ON_HIX_MO_KIT_2019
04/18/2024 15:08,04/24/2024 22:31,32753MO0950022-05,Anthem Silver Pathway X 500 Standard (0 Virtual PCP + 0 Select Drugs + Incentives) S05,Anthem Silver Pathway X 500 Standard ($0 Virtual PCP + $0 Select Drugs + Incentives) S05,Silver,87% AV Level Silver Plan,0.8733,,Yes,Yes,No,,No,100.00,,$500,$0,$2500,$60,$100,$1100,$0,$20,$500,$200,$500,$0,,,,,,,,,,,,,,,,,$3000,$3000 per person | $6000 per group,,,Not Applicable,per person not applicable | per group not applicable,Not Applicable,per person not applicable | per group not applicable,,,,,,,,,,,,,,,,,,,,,$500,$500 per person | $1000 per group,30%,,,,Not Applicable,per person not applicable | per group not applicable,Not Applicable,per person not applicable | per group not applicable,No,,,,,,,https://www.sbc.anthem.com/dps/ccd82VJ,http://editiondigital.net/view/IU65/2019/ON_HIX_MO_KIT_2019
04/18/2024 15:06,04/24/2024 22:31,32753MO0950022-06,Anthem Silver Pathway X 0 Standard (0 Virtual PCP + 0 Select Drugs + Incentives) S06,Anthem Silver Pathway X 0 Standard ($0 Virtual PCP + $0 Select Drugs + Incentives) S06,Silver,94% AV Level Silver Plan,0.9414,,Yes,Yes,No,,No,100.00,,$0,$0,$2000,$60,$0,$600,$30,$20,$0,$30,$500,$0,,,,,,,,,,,,,,,,,$2000,$2000 per person | $4000 per group,,,Not Applicable,per person not applicable | per group not applicable,Not Applicable,per person not applicable | per group not applicable,$0,$0 per person | $0 per group,25%,,,,Not Applicable,per person not applicable | per group not applicable,Not Applicable,per person not applicable | per group not applicable,$0,$0 per person | $0 per group,25.00%,,,,Not Applicable,per person not applicable | per group not applicable,Not Applicable,per person not applicable | per group not applicable,,,,,,,,,,,No,,,,,,,https://www.sbc.anthem.com/dps/ccd82SJ,http://editiondigital.net/view/IU65/2019/ON_HIX_MO_KIT_2019
04/18/2024 15:07,04/24/2024 22:31,32753MO0950023-00,Anthem Gold Pathway 1500 Standard (0 Virtual PCP + 0 Select Drugs + Incentives),Anthem Gold Pathway 1500 Standard ($0 Virtual PCP + $0 Select Drugs + Incentives),Gold,Standard Gold Off Exchange Plan,0.7806,,No,Yes,No,,No,100.00,,$1500,$10,$2800,$60,$100,$1400,$0,$20,$1500,$300,$100,$0,,,,,,,,,,,,,,,,,$7800,$7800 per person | $15600 per group,,,Not Applicable,per person not applicable | per group not applicable,Not Applicable,per person not applicable | per group not applicable,$1500,$1500 per person | $3000 per group,25%,,,,Not Applicable,per person not applicable | per group not applicable,Not Applicable,per person not applicable | per group not applicable,$0,$0 per person | $0 per group,25.00%,,,,Not Applicable,per person not applicable | per group not applicable,Not Applicable,per person not applicable | per group not applicable,,,,,,,,,,,No,,,,,,,https://www.sbc.anthem.com/dps/ccd82VP,http://editiondigital.net/view/IU65/2019/OFF_HIX_MO_KIT_2019
04/18/2024 15:06,04/24/2024 22:31,32753MO0950023-01,Anthem Gold Pathway X 1500 Standard (0 Virtual PCP + 0 Select Drugs + Incentives),Anthem Gold Pathway X 1500 Standard ($0 Virtual PCP + $0 Select Drugs + Incentives),Gold,Standard Gold On Exchange Plan,0.7806,,No,Yes,No,,No,100.00,,$1500,$10,$2800,$60,$100,$1400,$0,$20,$1500,$300,$100,$0,,,,,,,,,,,,,,,,,$7800,$7800 per person | $15600 per group,,,Not Applicable,per person not applicable | per group not applicable,Not Applicable,per person not applicable | per group not applicable,$1500,$1500 per person | $3000 per group,25%,,,,Not Applicable,per person not applicable | per group not applicable,Not Applicable,per person not applicable | per group not applicable,$0,$0 per person | $0 per group,25.00%,,,,Not Applicable,per person not applicable | per group not applicable,Not Applicable,per person not applicable | per group not applicable,,,,,,,,,,,No,,,,,,,https://www.sbc.anthem.com/dps/ccd82UJ,http://editiondigital.net/view/IU65/2019/ON_HIX_MO_KIT_2019
04/18/2024 15:10,04/24/2024 22:31,32753MO0950023-02,Anthem Gold Pathway X Standard (+ Incentives) AI,Anthem Gold Pathway X Standard (+ Incentives) AI,Gold,Zero Cost Sharing Plan Variation,1,,No,Yes,No,,No,100.00,,$0,$0,$0,$60,$0,$0,$0,$20,$0,$0,$0,$0,,,,,,,,,,,,,,,,,$0,$0 per person | $0 per group,,,Not Applicable,per person not applicable | per group not applicable,Not Applicable,per person not applicable | per group not applicable,$0,$0 per person | $0 per group,0.00%,,,,Not Applicable,per person not applicable | per group not applicable,Not Applicable,per person not applicable | per group not applicable,$0,$0 per person | $0 per group,0.00%,,,,Not Applicable,per person not applicable | per group not applicable,Not Applicable,per person not applicable | per group not applicable,,,,,,,,,,,No,,,,,,,https://www.sbc.anthem.com/dps/ccd82SB,http://editiondigital.net/view/IU65/2019/ON_HIX_MO_KIT_2019
04/18/2024 15:06,04/24/2024 22:31,32753MO0950023-03,Anthem Gold Pathway X 1500 Standard (0 Virtual PCP + 0 Select Drugs + Incentives) S03,Anthem Gold Pathway X 1500 Standard ($0 Virtual PCP + $0 Select Drugs + Incentives) S03,Gold,Standard Gold On Exchange Plan,0.7806,,No,Yes,No,,No,100.00,,$1500,$10,$2800,$60,$100,$1400,$0,$20,$1500,$300,$100,$0,,,,,,,,,,,,,,,,,$7800,$7800 per person | $15600 per group,,,Not Applicable,per person not applicable | per group not applicable,Not Applicable,per person not applicable | per group not applicable,$1500,$1500 per person | $3000 per group,25%,,,,Not Applicable,per person not applicable | per group not applicable,Not Applicable,per person not applicable | per group not applicable,$0,$0 per person | $0 per group,25.00%,,,,Not Applicable,per person not applicable | per group not applicable,Not Applicable,per person not applicable | per group not applicable,,,,,,,,,,,No,,,,,,,https://www.sbc.anthem.com/dps/ccd82TM,http://editiondigital.net/view/IU65/2019/ON_HIX_MO_KIT_2019
04/18/2024 15:08,04/24/2024 22:31,32753MO0950051-00,Anthem Bronze Pathway 9200 (0 Virtual PCP + 0 Select Drugs + Incentives),Anthem Bronze Pathway 9200 ($0 Virtual PCP + $0 Select Drugs + Incentives),Bronze,Standard Bronze Off Exchange Plan,0.596520561193,,Yes,Yes,No,,Yes,40.00,,$9200,$0,$0,$60,$5400,$0,$0,$20,$2800,$0,$0,$0,,,,,,,,,,,,,,,,,$9200,$9200 per person | $18400 per group,$9200,$9200 per person | $18400 per group,Not Applicable,per person not applicable | per group not applicable,Not Applicable,per person not applicable | per group not applicable,,,,,,,,,,,,,,,,,,,,,$9200,$9200 per person | $18400 per group,0%,$9200,$9200 per person | $18400 per group,0%,Not Applicable,per person not applicable | per group not applicable,Not Applicable,per person not applicable | per group not applicable,No,,,,,,,https://www.sbc.anthem.com/dps/ccd82TW,http://editiondigital.net/view/IU65/2019/OFF_HIX_MO_KIT_2019
04/18/2024 15:06,04/24/2024 22:31,32753MO0950051-01,Anthem Bronze Pathway X 9200 (0 Virtual PCP + 0 Select Drugs + Incentives),Anthem Bronze Pathway X 9200 ($0 Virtual PCP + $0 Select Drugs + Incentives),Bronze,Standard Bronze On Exchange Plan,0.596520561193,,Yes,Yes,No,,Yes,40.00,,$9200,$0,$0,$60,$5400,$0,$0,$20,$2800,$0,$0,$0,,,,,,,,,,,,,,,,,$9200,$9200 per person | $18400 per group,$9200,$9200 per person | $18400 per group,Not Applicable,per person not applicable | per group not applicable,Not Applicable,per person not applicable | per group not applicable,,,,,,,,,,,,,,,,,,,,,$9200,$9200 per person | $18400 per group,0%,$9200,$9200 per person | $18400 per group,0%,Not Applicable,per person not applicable | per group not applicable,Not Applicable,per person not applicable | per group not applicable,No,,,,,,,https://www.sbc.anthem.com/dps/ccd82WG,http://editiondigital.net/view/IU65/2019/ON_HIX_MO_KIT_2019
04/18/2024 15:10,04/24/2024 22:31,32753MO0950051-02,Anthem Bronze Pathway X (+ Incentives) AI,Anthem Bronze Pathway X (+ Incentives) AI,Bronze,Zero Cost Sharing Plan Variation,1,,Yes,Yes,No,,Yes,40.00,,$0,$0,$0,$60,$0,$0,$0,$20,$0,$0,$0,$0,,,,,,,,,,,,,,,,,$0,$0 per person | $0 per group,$0,$0 per person | $0 per group,Not Applicable,per person not applicable | per group not applicable,Not Applicable,per person not applicable | per group not applicable,,,,,,,,,,,,,,,,,,,,,$0,$0 per person | $0 per group,0.00%,$0,$0 per person | $0 per group,0.00%,Not Applicable,per person not applicable | per group not applicable,Not Applicable,per person not applicable | per group not applicable,No,,,,,,,https://www.sbc.anthem.com/dps/ccd82TJ,http://editiondigital.net/view/IU65/2019/ON_HIX_MO_KIT_2019
04/18/2024 15:06,04/24/2024 22:31,32753MO0950051-03,Anthem Bronze Pathway X 9200 (+ Incentives) S03,Anthem Bronze Pathway X 9200 (+ Incentives) S03,Bronze,Standard Bronze On Exchange Plan,0.596520561193,,Yes,Yes,No,,Yes,40.00,,$9200,$0,$0,$60,$5400,$0,$0,$20,$2800,$0,$0,$0,,,,,,,,,,,,,,,,,$9200,$9200 per person | $18400 per group,$9200,$9200 per person | $18400 per group,Not Applicable,per person not applicable | per group not applicable,Not Applicable,per person not applicable | per group not applicable,,,,,,,,,,,,,,,,,,,,,$9200,$9200 per person | $18400 per group,0%,$9200,$9200 per person | $18400 per group,0%,Not Applicable,per person not applicable | per group not applicable,Not Applicable,per person not applicable | per group not applicable,No,,,,,,,https://www.sbc.anthem.com/dps/ccd82WS,http://editiondigital.net/view/IU65/2019/ON_HIX_MO_KIT_2019